<?xml version="1.0" encoding="utf-8"?>
<ArrayOfCountryFromXml xmlns:xsi="http://www.w3.org/2001/XMLSchema-instance" xmlns:xsd="http://www.w3.org/2001/XMLSchema">
    <CountryFromXml>
        <CountryId>1</CountryId>
        <Name>Bulgaria</Name>
        <CountryCode>BGR</CountryCode>
        <Currency>Lev</Currency>
    </CountryFromXml>
    <CountryFromXml>
        <CountryId>2</CountryId>
        <Name>Albania</Name>
        <CountryCode>ALB</CountryCode>
        <Currency>Lek</Currency>
    </CountryFromXml>
    <CountryFromXml>
        <CountryId>3</CountryId>
        <Name>Macedonia</Name>
        <CountryCode>MKD</CountryCode>
        <Currency>Denar</Currency>
    </CountryFromXml>
    <CountryFromXml>
        <CountryId>4</CountryId>
        <Name>United Kingdom</Name>
        <CountryCode>GBR</CountryCode>
        <Currency>Pound</Currency>
    </CountryFromXml>
    <CountryFromXml>
        <CountryId>5</CountryId>
        <Name>Turkey</Name>
        <CountryCode>TUR</CountryCode>
        <Currency>Lira</Currency>
    </CountryFromXml>
    <CountryFromXml>
        <CountryId>6</CountryId>
        <Name>Germany</Name>
        <CountryCode>DEU</CountryCode>
        <Currency>Euro</Currency>
    </CountryFromXml>
    <CountryFromXml>
        <CountryId>7</CountryId>
        <Name>Austria</Name>
        <CountryCode>AUT</CountryCode>
        <Currency>Euro</Currency>
    </CountryFromXml>
    <CountryFromXml>
        <CountryId>8</CountryId>
        <Name>Norway</Name>
        <CountryCode>NOR</CountryCode>
        <Currency>Krone</Currency>
    </CountryFromXml>
    <CountryFromXml>
        <CountryId>9</CountryId>
        <Name>United States</Name>
        <CountryCode>USA</CountryCode>
        <Currency>Dollar</Currency>
    </CountryFromXml>
    <CountryFromXml>
        <CountryId>10</CountryId>
        <Name>Greece</Name>
        <CountryCode>GRE</CountryCode>
        <Currency>Euro</Currency>
    </CountryFromXml>
</ArrayOfCountryFromXml>