<?xml version="1.0" encoding ="utf-8"?>

<students xmlns:students="urn:http://www.nakov.com/schemas/library">
  <student>
    <name>Pesho</name>
    <gender>male</gender>
    <birthdate>21.03.1980</birthdate>
    <phone>0888 888 888</phone>
    <email>pesho@telerik.com</email>
    <course>Databases</course>
    <specialty>Math</specialty>
    <facultyNumber>12345</facultyNumber>
    <exams>
      <exam>
        <name>the exam1</name>
        <tutor>the tutor1</tutor>
        <score>the score1</score>
      </exam>
      <exam>
        <name>the exam2</name>
        <tutor>the tutor2</tutor>
        <score>the score2</score>
      </exam>
    </exams>
  </student>
</students>